Circuit,Player 1,Player 2,Tournament,Surface
ATP,Cazaux A. (Fra),Walton A. (Aus),"ATP - SINGLES: Wimbledon (United Kingdom), grass",Grass
ATP,De Minaur A. (Aus),Carballes Baena R. (Esp),"ATP - SINGLES: Wimbledon (United Kingdom), grass",Grass
ATP,Faria J. (Por),Sonego L. (Ita),"ATP - SINGLES: Wimbledon (United Kingdom), grass",Grass
ATP,McCabe J. (Aus),Marozsan F. (Hun),"ATP - SINGLES: Wimbledon (United Kingdom), grass",Grass
ATP,Michelsen A. (Usa),Kecmanovic M. (Srb),"ATP - SINGLES: Wimbledon (United Kingdom), grass",Grass
ATP,Monday J. (Gbr),Paul T. (Usa),"ATP - SINGLES: Wimbledon (United Kingdom), grass",Grass
ATP,Tseng C. H. (Tpe),Vukic A. (Aus),"ATP - SINGLES: Wimbledon (United Kingdom), grass",Grass
ATP,Basilashvili N. (Geo),Musetti L. (Ita),"ATP - SINGLES: Wimbledon (United Kingdom), grass",Grass
ATP,De Jong J. (Ned),Eubanks C. (Usa),"ATP - SINGLES: Wimbledon (United Kingdom), grass",Grass
ATP,Martinez P. (Esp),Loffhagen G. (Gbr),"ATP - SINGLES: Wimbledon (United Kingdom), grass",Grass
ATP,Munar J. (Esp),Bublik A. (Kaz),"ATP - SINGLES: Wimbledon (United Kingdom), grass",Grass
ATP,Navone M. (Arg),Shapovalov D. (Can),"ATP - SINGLES: Wimbledon (United Kingdom), grass",Grass
ATP,Halys Q. (Fra),Holmgren A. (Den),"ATP - SINGLES: Wimbledon (United Kingdom), grass",Grass
ATP,Ofner S. (Aut),Medjedovic H. (Srb),"ATP - SINGLES: Wimbledon (United Kingdom), grass",Grass
ATP,Sinner J. (Ita),Nardi L. (Ita),"ATP - SINGLES: Wimbledon (United Kingdom), grass",Grass
ATP,Evans D. (Gbr),Clarke J. (Gbr),"ATP - SINGLES: Wimbledon (United Kingdom), grass",Grass
ATP,Dzumhur D. (Bih),Machac T. (Cze),"ATP - SINGLES: Wimbledon (United Kingdom), grass",Grass
ATP,Cobolli F. (Ita),Zhukayev B. (Kaz),"ATP - SINGLES: Wimbledon (United Kingdom), grass",Grass
ATP,Collignon R. (Bel),Cilic M. (Cro),"ATP - SINGLES: Wimbledon (United Kingdom), grass",Grass
ATP,Comesana F. (Arg),Moutet C. (Fra),"ATP - SINGLES: Wimbledon (United Kingdom), grass",Grass
ATP,Kovacevic A. (Usa),Fucsovics M. (Hun),"ATP - SINGLES: Wimbledon (United Kingdom), grass",Grass
ATP,Giron M. (Usa),Ugo Carabelli C. (Arg),"ATP - SINGLES: Wimbledon (United Kingdom), grass",Grass
ATP,Monfils G. (Fra),Humbert U. (Fra),"ATP - SINGLES: Wimbledon (United Kingdom), grass",Grass
ATP,Dimitrov G. (Bul),Nishioka Y. (Jpn),"ATP - SINGLES: Wimbledon (United Kingdom), grass",Grass
ATP,Etcheverry T. M. (Arg),Pinnington Jones J. (Gbr),"ATP - SINGLES: Wimbledon (United Kingdom), grass",Grass
ATP,Gaston H. (Fra),Mensik J. (Cze),"ATP - SINGLES: Wimbledon (United Kingdom), grass",Grass
ATP,Hijikata R. (Aus),Goffin D. (Bel),"ATP - SINGLES: Wimbledon (United Kingdom), grass",Grass
ATP,Nakashima B. (Usa),Bu Y. (Chn),"ATP - SINGLES: Wimbledon (United Kingdom), grass",Grass
ATP,Shelton B. (Usa),Bolt A. (Aus),"ATP - SINGLES: Wimbledon (United Kingdom), grass",Grass
ATP,Muller A. (Fra),Djokovic N. (Srb),"ATP - SINGLES: Wimbledon (United Kingdom), grass",Grass
ATP,Shevchenko A. (Kaz),Opelka R. (Usa),"ATP - SINGLES: Wimbledon (United Kingdom), grass",Grass
ATP,Draper J. (Gbr),Baez S. (Arg),"ATP - SINGLES: Wimbledon (United Kingdom), grass",Grass
WTA,Begu I. (Rou),Juvan K. (Slo),"WTA - SINGLES: Wimbledon (United Kingdom), grass",Grass
WTA,Cocciaretto E. (Ita),Pegula J. (Usa),"WTA - SINGLES: Wimbledon (United Kingdom), grass",Grass
WTA,Erjavec V. (Slo),Kostyuk M. (Ukr),"WTA - SINGLES: Wimbledon (United Kingdom), grass",Grass
WTA,Hon P. (Aus),Alexandrova E. (Wrl),"WTA - SINGLES: Wimbledon (United Kingdom), grass",Grass
WTA,Kasatkina D. (Aus),Arango E. (Col),"WTA - SINGLES: Wimbledon (United Kingdom), grass",Grass
WTA,Lamens S. (Ned),Jovic I. (Usa),"WTA - SINGLES: Wimbledon (United Kingdom), grass",Grass
WTA,Tauson C. (Den),Watson H. (Gbr),"WTA - SINGLES: Wimbledon (United Kingdom), grass",Grass
WTA,Volynets K. (Usa),Maria T. (Ger),"WTA - SINGLES: Wimbledon (United Kingdom), grass",Grass
WTA,Muchova K. (Cze),Wang Xin. (Chn),"WTA - SINGLES: Wimbledon (United Kingdom), grass",Grass
WTA,Sonmez Z. (Tur),Cristian J. (Rou),"WTA - SINGLES: Wimbledon (United Kingdom), grass",Grass
WTA,Joint M. (Aus),Samsonova L. (Wrl),"WTA - SINGLES: Wimbledon (United Kingdom), grass",Grass
WTA,Kalinskaya A. (Wrl),Stojanovic N. (Srb),"WTA - SINGLES: Wimbledon (United Kingdom), grass",Grass
WTA,Siniakova K. (Cze),Zheng Q. (Chn),"WTA - SINGLES: Wimbledon (United Kingdom), grass",Grass
WTA,Teichmann J. (Sui),Bronzetti L. (Ita),"WTA - SINGLES: Wimbledon (United Kingdom), grass",Grass
WTA,Krejcikova B. (Cze),Eala A. (Phl),"WTA - SINGLES: Wimbledon (United Kingdom), grass",Grass
WTA,Baptiste H. (Usa),Cirstea S. (Rou),"WTA - SINGLES: Wimbledon (United Kingdom), grass",Grass
WTA,Osorio C. (Col),Collins D. (Usa),"WTA - SINGLES: Wimbledon (United Kingdom), grass",Grass
WTA,Andreeva M. (Wrl),Sherif M. (Egy),"WTA - SINGLES: Wimbledon (United Kingdom), grass",Grass
WTA,Dolehide C. (Usa),Rus A. (Ned),"WTA - SINGLES: Wimbledon (United Kingdom), grass",Grass
WTA,McNally C. (Usa),Burrage J. (Gbr),"WTA - SINGLES: Wimbledon (United Kingdom), grass",Grass
WTA,Starodubtseva Y. (Ukr),Jones F. (Gbr),"WTA - SINGLES: Wimbledon (United Kingdom), grass",Grass
WTA,Swiatek I. (Pol),Kudermetova P. (Wrl),"WTA - SINGLES: Wimbledon (United Kingdom), grass",Grass
WTA,Kudermetova V. (Wrl),Zhu L. (Chn),"WTA - SINGLES: Wimbledon (United Kingdom), grass",Grass
WTA,Sakkari M. (Gre),Blinkova A. (Wrl),"WTA - SINGLES: Wimbledon (United Kingdom), grass",Grass
WTA,Potapova A. (Wrl),Frech M. (Pol),"WTA - SINGLES: Wimbledon (United Kingdom), grass",Grass
WTA,Kvitova P. (Cze),Navarro E. (Usa),"WTA - SINGLES: Wimbledon (United Kingdom), grass",Grass
WTA,Azarenka V. (Wrl),Zakharova A. (Wrl),"WTA - SINGLES: Wimbledon (United Kingdom), grass",Grass
WTA,Bouzas Maneiro J. (Esp),Seidel E. (Ger),"WTA - SINGLES: Wimbledon (United Kingdom), grass",Grass
WTA,Linette M. (Pol),Jacquemot E. (Fra),"WTA - SINGLES: Wimbledon (United Kingdom), grass",Grass
WTA,Parks A. (Usa),Bencic B. (Sui),"WTA - SINGLES: Wimbledon (United Kingdom), grass",Grass
WTA,Kenin S. (Usa),Townsend T. (Usa),"WTA - SINGLES: Wimbledon (United Kingdom), grass",Grass
WTA,Avanesyan E. (Arm),Rybakina E. (Kaz),"WTA - SINGLES: Wimbledon (United Kingdom), grass",Grass
WTA,Yastremska D. (Ukr),Gauff C. (Usa),"WTA - SINGLES: Wimbledon (United Kingdom), grass",Grass
ATP,Feldbausch K. (Sui),Papoe R. M. (Rou),"CHALLENGER MEN - SINGLES: Brasov (Romania), clay",Grass
ATP,Gakhov I. (Wrl),Ficovich J. P. (Arg),"CHALLENGER MEN - SINGLES: Brasov (Romania), clay",Grass
ATP,Kuzmanov D. (Bul),Butvilas E. (Ltu),"CHALLENGER MEN - SINGLES: Brasov (Romania), clay",Grass
ATP,Boitan G. A. (Rou),Guerrieri A. (Ita),"CHALLENGER MEN - SINGLES: Brasov (Romania), clay",Grass
ATP,Mrva M. (Cze),Roca Batalla O. (Esp),"CHALLENGER MEN - SINGLES: Brasov (Romania), clay",Grass
ATP,Piros Z. (Hun),Yevseyev D. (Kaz),"CHALLENGER MEN - SINGLES: Brasov (Romania), clay",Grass
ATP,Coppejans K. (Bel),Donski A. (Bul),"CHALLENGER MEN - SINGLES: Brasov (Romania), clay",Grass
ATP,Dhamne M. (Ind),Negritu Ch. (Ger),"CHALLENGER MEN - SINGLES: Brasov (Romania), clay",Grass
ATP,Martin Tiffon P. (Esp),Jianu F. C. (Rou),"CHALLENGER MEN - SINGLES: Brasov (Romania), clay",Grass
ATP,Albot R. (Mda),Dellien Velasco M. A. (Bol),"CHALLENGER MEN - SINGLES: Brasov (Romania), clay",Grass
ATP,Meligeni Alves F. (Bra),Maestrelli F. (Ita),"CHALLENGER MEN - SINGLES: Brasov (Romania), clay",Grass
ATP,Sekulic P. (Aus),Draxl L. (Can),"CHALLENGER MEN - SINGLES: Cary (USA), hard",Grass
ATP,Imamura M. (Jpn),Kypson P. (Usa),"CHALLENGER MEN - SINGLES: Cary (USA), hard",Grass
ATP,Galarneau A. (Can),Roh H. (Kor),"CHALLENGER MEN - SINGLES: Cary (USA), hard",Grass
ATP,Nakagawa N. (Jpn),Sell K. (Bra),"CHALLENGER MEN - SINGLES: Cary (USA), hard",Grass
ATP,Sakamoto R. (Jpn),Mejia N. (Col),"CHALLENGER MEN - SINGLES: Cary (USA), hard",Grass
ATP,Tomic B. (Aus),Bigun K. (Usa),"CHALLENGER MEN - SINGLES: Cary (USA), hard",Grass
ATP,Cina F. (Ita),Poljicak M. (Cro),"CHALLENGER MEN - SINGLES: Modena (Italy), clay",Grass
ATP,Pellegrino A. (Ita),Thanos A. (Gre),"CHALLENGER MEN - SINGLES: Modena (Italy), clay",Grass
ATP,Travaglia S. (Ita),Blancaneaux G. (Fra),"CHALLENGER MEN - SINGLES: Modena (Italy), clay",Grass
ATP,Houkes M. (Ned),Gomez F. A. (Arg),"CHALLENGER MEN - SINGLES: Modena (Italy), clay",Grass
ATP,Parenti L. (Ita),Kym J. (Sui),"CHALLENGER MEN - SINGLES: Modena (Italy), clay",Grass
ATP,Sakellaridis S. (Gre),Bondioli F. (Ita),"CHALLENGER MEN - SINGLES: Modena (Italy), clay",Grass
ATP,Cecchinato M. (Ita),Monteiro T. (Bra),"CHALLENGER MEN - SINGLES: Modena (Italy), clay",Grass
ATP,Echargui M. (Tun),Boyer T. (Usa),"CHALLENGER MEN - SINGLES: Modena (Italy), clay",Grass
ATP,Kodat T. (Usa),Collarini A. (Arg),"CHALLENGER MEN - SINGLES: Modena (Italy), clay",Grass
ATP,Seyboth Wild T. (Bra),Alcala Gurri M. (Esp),"CHALLENGER MEN - SINGLES: Modena (Italy), clay",Grass
ATP,Taberner C. (Esp),Geerts M. (Bel),"CHALLENGER MEN - SINGLES: Modena (Italy), clay",Grass
ATP,Giustino L. (Ita),Lamasine T. (Fra),"CHALLENGER MEN - SINGLES: Troyes (France), clay",Grass
ATP,Mayot H. (Fra),Tabur C. (Fra),"CHALLENGER MEN - SINGLES: Troyes (France), clay",Grass
ATP,Sharipov M. (Wrl),Barranco Cosano J. (Esp),"CHALLENGER MEN - SINGLES: Troyes (France), clay",Grass
ATP,Djuric B. (Srb),Denolly C. (Fra),"CHALLENGER MEN - SINGLES: Troyes (France), clay",Grass
ATP,Rolland de Ravel C. (Fra),Reis Da Silva J. (Bra),"CHALLENGER MEN - SINGLES: Troyes (France), clay",Grass
ATP,Visker N. (Ned),Gombos N. (Svk),"CHALLENGER MEN - SINGLES: Troyes (France), clay",Grass
ATP,Ivanovski K. (Mkd),Hemery C. (Fra),"CHALLENGER MEN - SINGLES: Troyes (France), clay",Grass
ATP,Sanchez Izquierdo N. (Esp),Michalski D. (Pol),"CHALLENGER MEN - SINGLES: Troyes (France), clay",Grass
ATP,Zink T. (Usa),Sels J. (Ned),"CHALLENGER MEN - SINGLES: Troyes (France), clay",Grass
ATP,Trungelliti M. (Arg),Bax F. (Fra),"CHALLENGER MEN - SINGLES: Troyes (France), clay",Grass
ATP,Ymer M. (Swe),Brunold M. (Sui),"CHALLENGER MEN - SINGLES: Troyes (France), clay",Grass
ATP,Martineau M. (Fra),Paire B. (Fra),"CHALLENGER MEN - SINGLES: Troyes (France), clay",Grass
ATP,Purtseladze S./Yevseyev D.,Coppejans K./Roca Batalla O.,"CHALLENGER MEN - DOUBLES: Brasov (Romania), clay",Grass
ATP,Bouzige M./Ilagan A.,Mejia N./Zhou Y.,"CHALLENGER MEN - DOUBLES: Cary (USA), hard",Grass
ATP,Andrade A./Kiger M.,Mangiapane N./Schinnerer K.,"CHALLENGER MEN - DOUBLES: Cary (USA), hard",Grass
ATP,Draxl L./Maginley J.,Britto L./Woodall W.,"CHALLENGER MEN - DOUBLES: Cary (USA), hard",Grass
ATP,Imamura M./Nakagawa N.,Manning W./Shick B.,"CHALLENGER MEN - DOUBLES: Cary (USA), hard",Grass
ATP,Kaliyanda Poonacha N./Nedunchezhiyan J.,Pearson K./Sheehy J.,"CHALLENGER MEN - DOUBLES: Cary (USA), hard",Grass
ATP,Hach Verdugo H./Rodriguez C.,Harper P./Hilderbrand T.,"CHALLENGER MEN - DOUBLES: Cary (USA), hard",Grass
ATP,Stevenson K./Tomic B.,Isaro P./Noguchi R.,"CHALLENGER MEN - DOUBLES: Cary (USA), hard",Grass
ATP,Reynolds F./Watt J.,Matsuda R./Tajima N.,"CHALLENGER MEN - DOUBLES: Cary (USA), hard",Grass
ATP,Arnaboldi F./Pellegrino A.,Bondioli F./Romano F.,"CHALLENGER MEN - DOUBLES: Modena (Italy), clay",Grass
ATP,Paul J./Zormann Da Silva M.,Jermar J./Latinovic S.,"CHALLENGER MEN - DOUBLES: Modena (Italy), clay",Grass
ATP,De La Bassetiere C./Morisson De La Bassetiere A.,Duncan S./Hands T.,"CHALLENGER MEN - DOUBLES: Troyes (France), clay",Grass
ATP,Reymond A./Virgili A.,Poljak D./Ruehl T.,"CHALLENGER MEN - DOUBLES: Troyes (France), clay",Grass
ATP,Balciunas M. (Ned),Sigsgaard C. (Den),"ITF MEN - SINGLES: M15 Amstelveen (Netherlands), clay",Unknown
ATP,Bastiaansen P. (Ned),Petak D. (Cze),"ITF MEN - SINGLES: M15 Amstelveen (Netherlands), clay",Unknown
ATP,Bozemoj B. (Ned),Hallquist Lithen J. (Swe),"ITF MEN - SINGLES: M15 Amstelveen (Netherlands), clay",Unknown
ATP,Pennaforti G. (Ita),Kouame M. (Fra),"ITF MEN - SINGLES: M15 Amstelveen (Netherlands), clay",Unknown
ATP,Oetzbach A. (Ger),Forger A. (Ned),"ITF MEN - SINGLES: M15 Amstelveen (Netherlands), clay",Unknown
ATP,Basile A. (Bel),Bozemoj S. (Ned),"ITF MEN - SINGLES: M15 Amstelveen (Netherlands), clay",Unknown
ATP,Moeller M. (Ger),De Jonge D. (Ned),"ITF MEN - SINGLES: M15 Amstelveen (Netherlands), clay",Unknown
ATP,Urribarrens Ramirez I. (Esp),Pedrico Kravtsov A. (Esp),"ITF MEN - SINGLES: M15 Getxo (Spain), clay",Unknown
ATP,Raquillet L. (Fra),Bonnaud A. (Fra),"ITF MEN - SINGLES: M15 Getxo (Spain), clay",Unknown
ATP,Ribero F. (Arg),Bayo J. (Esp),"ITF MEN - SINGLES: M15 Getxo (Spain), clay",Unknown
ATP,Avcibasi T. (Tur),Bernet H. (Sui),"ITF MEN - SINGLES: M15 Getxo (Spain), clay",Unknown
ATP,Bayo P. (Esp),Ortenzi G. M. (Ita),"ITF MEN - SINGLES: M15 Getxo (Spain), clay",Unknown
ATP,Parisca I. (Ven),Iamachkine P. (Per),"ITF MEN - SINGLES: M15 Getxo (Spain), clay",Unknown
ATP,Dietrich D. (Sui),Basel V. (Arg),"ITF MEN - SINGLES: M15 Getxo (Spain), clay",Unknown
ATP,Clark M. (Usa),Perez B. (Ven),"ITF MEN - SINGLES: M15 Kayseri 6 (Turkey), hard",Unknown
ATP,Gasanov R. (Ger),Schell N. (Ger),"ITF MEN - SINGLES: M15 Kayseri 6 (Turkey), hard",Unknown
ATP,Saritas G. (Tur),Borisiouk M. (Wrl),"ITF MEN - SINGLES: M15 Kayseri 6 (Turkey), hard",Unknown
ATP,Azkara A. (Tur),Seleznev B. (Wrl),"ITF MEN - SINGLES: M15 Kayseri 6 (Turkey), hard",Unknown
ATP,Avanoglu O. (Tur),Djosic N. (Sui),"ITF MEN - SINGLES: M15 Kayseri 6 (Turkey), hard",Unknown
ATP,Kunitsyn A. (Wrl),Alhogbani A. F. (Sau),"ITF MEN - SINGLES: M15 Kayseri 6 (Turkey), hard",Unknown
ATP,Piatrouski D. (Wrl),Iakubenko V. (Ukr),"ITF MEN - SINGLES: M15 Kayseri 6 (Turkey), hard",Unknown
ATP,Bellifemine A. (Ita),Haliak M. (Wrl),"ITF MEN - SINGLES: M15 Kursumlijska Banja 9 (Serbia), clay",Unknown
ATP,Homberg M. (Ger),Markovic S. (Srb),"ITF MEN - SINGLES: M15 Kursumlijska Banja 9 (Serbia), clay",Unknown
ATP,Pilipovic A. (Srb),Milev Y. (Bul),"ITF MEN - SINGLES: M15 Kursumlijska Banja 9 (Serbia), clay",Unknown
ATP,Jovic N. (Srb),Klok D. (Wrl),"ITF MEN - SINGLES: M15 Kursumlijska Banja 9 (Serbia), clay",Unknown
ATP,Safonov A. (Wrl),Bobrov B. (Wrl),"ITF MEN - SINGLES: M15 Kursumlijska Banja 9 (Serbia), clay",Unknown
ATP,Jeong Y. (Kor),Leong M. W. K. (Mys),"ITF MEN - SINGLES: M15 Maanshan 4 (China), hard",Unknown
ATP,Sornlaksup P. (Tha),Ozolins K. (Lat),"ITF MEN - SINGLES: M15 Maanshan 4 (China), hard",Unknown
ATP,Xiao L. (Chn),Chanta T. (Tha),"ITF MEN - SINGLES: M15 Maanshan 4 (China), hard",Unknown
ATP,Ahti V. (Fin),Braithwaite T. (Aus),"ITF MEN - SINGLES: M15 Monastir 26 (Tunisia), hard",Unknown
ATP,Alekseychuk A. (Wrl),Javia D. (Ind),"ITF MEN - SINGLES: M15 Monastir 26 (Tunisia), hard",Unknown
ATP,Elsayed A. (Egy),Hamza Reguig S. (Alg),"ITF MEN - SINGLES: M15 Monastir 26 (Tunisia), hard",Unknown
ATP,Lumsden E. (Gbr),Lomakin G. (Kaz),"ITF MEN - SINGLES: M15 Monastir 26 (Tunisia), hard",Unknown
ATP,Tiurnev E. (Wrl),Bassem Sobhy M. (Egy),"ITF MEN - SINGLES: M15 Monastir 26 (Tunisia), hard",Unknown
ATP,Delaney Ja. (Aus),Adachi T. (Jpn),"ITF MEN - SINGLES: M15 Tokyo (Japan), hard",Hard
ATP,Delaney Je. (Aus),Tokuda R. (Jpn),"ITF MEN - SINGLES: M15 Tokyo (Japan), hard",Hard
ATP,Matsuoka S. (Jpn),Kawachi K. (Jpn),"ITF MEN - SINGLES: M15 Tokyo (Japan), hard",Hard
ATP,Sinclair C. (Nmi),Honda N. (Jpn),"ITF MEN - SINGLES: M15 Tokyo (Japan), hard",Hard
ATP,Alonso J. (Esp),Leote Prata V. (Por),"ITF MEN - SINGLES: M25 Figueira da Foz (Portugal), hard",Unknown
ATP,Izquierdo Luque R. (Esp),Matsuoka H. (Jpn),"ITF MEN - SINGLES: M25 Figueira da Foz (Portugal), hard",Unknown
ATP,Silva T. (Por),Marrero Curbelo I. (Esp),"ITF MEN - SINGLES: M25 Figueira da Foz (Portugal), hard",Unknown
ATP,Morais D. (Por),Winter E. (Aus),"ITF MEN - SINGLES: M25 Figueira da Foz (Portugal), hard",Unknown
ATP,Portugal J. (Por),Pinho T. (Por),"ITF MEN - SINGLES: M25 Figueira da Foz (Portugal), hard",Unknown
ATP,Hignett L. (Gbr),Malige M. (Fra),"ITF MEN - SINGLES: M25+H Ajaccio (France), hard",Unknown
ATP,Genier T. (Sui),Bivol M. (Fra),"ITF MEN - SINGLES: M25+H Ajaccio (France), hard",Unknown
ATP,Story J. (Gbr),Tailleu P. A. (Fra),"ITF MEN - SINGLES: M25+H Ajaccio (France), hard",Unknown
ATP,Freire Da Silva A. (Fra),Hussey G. (Gbr),"ITF MEN - SINGLES: M25+H Ajaccio (France), hard",Unknown
ATP,Rossi L. (Ita),Zhu M. (Usa),"ITF MEN - SINGLES: M25+H Ajaccio (France), hard",Unknown
ATP,Prod'homme B. (Fra),Bondaz M. (Fra),"ITF MEN - SINGLES: M25+H Ajaccio (France), hard",Unknown
ATP,Lokoli L. (Fra),Lynch A. (Usa),"ITF MEN - SINGLES: M25+H Ajaccio (France), hard",Unknown
ATP,Escoffier A. (Fra),Alarcon B. D. (Arg),"ITF MEN - SINGLES: M25+H Ajaccio (France), hard",Unknown
ATP,Alberti F. (Ita),Matthysen L. (Rsa),"ITF MEN - SINGLES: M25 Hillcrest (South Africa), hard",Unknown
ATP,Bothma J. (Rsa),Hudd E. (Gbr),"ITF MEN - SINGLES: M25 Hillcrest (South Africa), hard",Unknown
ATP,Kamendje S. P. (Can),Longwe-Smit T. (Rsa),"ITF MEN - SINGLES: M25 Hillcrest (South Africa), hard",Unknown
ATP,Badenhorst D. (Rsa),Volpi G. (Ita),"ITF MEN - SINGLES: M25 Hillcrest (South Africa), hard",Unknown
ATP,Berger A. (Fra),Montsi K. (Rsa),"ITF MEN - SINGLES: M25 Hillcrest (South Africa), hard",Unknown
ATP,Peliwo F. (Pol),El Sallaly A. (Egy),"ITF MEN - SINGLES: M25 Hillcrest (South Africa), hard",Unknown
ATP,Roothman C. (Rsa),Bhat A. P. (Usa),"ITF MEN - SINGLES: M25 Hillcrest (South Africa), hard",Unknown
ATP,Singh D. (Ind),Koenig L. (Gbr),"ITF MEN - SINGLES: M25 Hillcrest (South Africa), hard",Unknown
ATP,George B. T. (Can),Martin D. (Can),"ITF MEN - SINGLES: M25 Laval (Canada), hard",Unknown
ATP,Saitoh K. (Jpn),Milavsky D. (Usa),"ITF MEN - SINGLES: M25 Laval (Canada), hard",Unknown
ATP,Arseneault N. (Can),Ayeni A. (Usa),"ITF MEN - SINGLES: M25 Laval (Canada), hard",Unknown
ATP,Langmo C. (Usa),Arseneault M. (Can),"ITF MEN - SINGLES: M25 Laval (Canada), hard",Unknown
ATP,Broska F. (Ger),Fajta P. (Hun),"ITF MEN - SINGLES: M25 Marburg (Germany), clay",Unknown
ATP,Fomin S. (Uzb),Sickenberger T. (Ger),"ITF MEN - SINGLES: M25 Marburg (Germany), clay",Unknown
ATP,Dedura D. (Ger),Brunclik P. (Cze),"ITF MEN - SINGLES: M25 Marburg (Germany), clay",Unknown
ATP,Poertner L. (Ger),Bertola R. (Sui),"ITF MEN - SINGLES: M25 Marburg (Germany), clay",Unknown
ATP,Bastianelli M. (Fra),Ganz F. (Sui),"ITF WOMEN - SINGLES: W15 Bissy-Chambery (France), hard",Unknown
ATP,Lopez Martinez C. (Esp),Gillan A. (Gbr),"ITF WOMEN - SINGLES: W15 Bissy-Chambery (France), hard",Unknown
ATP,Phanthala M. (Fra),Carpentier N. (Fra),"ITF WOMEN - SINGLES: W15 Bissy-Chambery (France), hard",Unknown
ATP,Shubina D. (Uzb),Moccia C. (Ita),"ITF WOMEN - SINGLES: W15 Bissy-Chambery (France), hard",Unknown
ATP,Ovcharenko E. (Wrl),Soulie A. (Fra),"ITF WOMEN - SINGLES: W15 Bissy-Chambery (France), hard",Unknown
ATP,Pushkar S. (Ukr),Leclercq M. (Fra),"ITF WOMEN - SINGLES: W15 Bissy-Chambery (France), hard",Unknown
ATP,Rakotomalala M. (Fra),Zoppas L. (Fra),"ITF WOMEN - SINGLES: W15 Bissy-Chambery (France), hard",Unknown
ATP,Yashina E. (Wrl),Erler S. (Fra),"ITF WOMEN - SINGLES: W15 Bissy-Chambery (France), hard",Unknown
ATP,Paathak P. (Ind),Fehr N. (Sui),"ITF WOMEN - SINGLES: W15 Hillcrest (South Africa), hard",Unknown
ATP,Van Zyl J. (Rsa),Rugara K. (Usa),"ITF WOMEN - SINGLES: W15 Hillcrest (South Africa), hard",Unknown
ATP,Xiao L. (Chn),le Roux D. (Rsa),"ITF WOMEN - SINGLES: W15 Hillcrest (South Africa), hard",Unknown
ATP,Stagno B. (Ita),Martianova S. (Wrl),"ITF WOMEN - SINGLES: W15 Hillcrest (South Africa), hard",Unknown
ATP,Vosloo A. (Rsa),Millard S. (Rsa),"ITF WOMEN - SINGLES: W15 Hillcrest (South Africa), hard",Unknown
ATP,Wilmot T. (Rsa),Bhasin S. (Ind),"ITF WOMEN - SINGLES: W15 Hillcrest (South Africa), hard",Unknown
ATP,Zhao Y. (Chn),Suvirdjonkova D. (Srb),"ITF WOMEN - SINGLES: W15 Hillcrest (South Africa), hard",Unknown
ATP,Lazar S. (Rou),Adeshina E. (Gbr),"ITF WOMEN - SINGLES: W15 Kayseri 6 (Turkey), hard",Unknown
ATP,Zabolotnaia E. (Mda),Lachinova A. (Lat),"ITF WOMEN - SINGLES: W15 Kayseri 6 (Turkey), hard",Unknown
ATP,Dagci S. (Tur),Waas S. (Gbr),"ITF WOMEN - SINGLES: W15 Kayseri 6 (Turkey), hard",Unknown
ATP,Contrino G. (Ita),Herazo Gonzalez M. (Col),"ITF WOMEN - SINGLES: W15 Kayseri 6 (Turkey), hard",Unknown
ATP,Kaegi Z. (Sui),Aydemir D. (Tur),"ITF WOMEN - SINGLES: W15 Kayseri 6 (Turkey), hard",Unknown
ATP,Mi T. (Chn),Aralova A. (Rus),"ITF WOMEN - SINGLES: W15 Kayseri 6 (Turkey), hard",Unknown
ATP,Remander S. (Fin),Skopintseva P. (Rus),"ITF WOMEN - SINGLES: W15 Kayseri 6 (Turkey), hard",Unknown
ATP,Ozen Y. (Tur),Mert A. (Tur),"ITF WOMEN - SINGLES: W15 Kayseri 6 (Turkey), hard",Unknown
ATP,Di Girolami T. (Bel),Jovanovic M. (Srb),"ITF WOMEN - SINGLES: W15 Kursumlijska Banja 9 (Serbia), clay",Unknown
ATP,Evtimova D. (Bul),Urbanova L. (Cze),"ITF WOMEN - SINGLES: W15 Kursumlijska Banja 9 (Serbia), clay",Unknown
ATP,Vergara Rivera A. (Chi),Gadamauri T. (Bel),"ITF WOMEN - SINGLES: W15 Kursumlijska Banja 9 (Serbia), clay",Unknown
ATP,Kovacevic I. (Srb),Paterno G. (Ita),"ITF WOMEN - SINGLES: W15 Kursumlijska Banja 9 (Serbia), clay",Unknown
ATP,Obradovic A. (Srb),Herea C. A. (Rou),"ITF WOMEN - SINGLES: W15 Kursumlijska Banja 9 (Serbia), clay",Unknown
ATP,Kuharenko P. (Wrl),Wang J. (Chn),"ITF WOMEN - SINGLES: W15 Maanshan 8 (China), hard",Unknown
ATP,Plipuech P. (Tha),Snigireva A. (Wrl),"ITF WOMEN - SINGLES: W15 Maanshan 8 (China), hard",Unknown
ATP,Yang V. (Nzl),Kovapitukted P. (Tha),"ITF WOMEN - SINGLES: W15 Maanshan 8 (China), hard",Unknown
ATP,Zelinskaya D. (Wrl),Huang Yujia (Chn),"ITF WOMEN - SINGLES: W15 Maanshan 8 (China), hard",Unknown
ATP,Zhao X. (Chn),Zeng Z. (Chn),"ITF WOMEN - SINGLES: W15 Maanshan 8 (China), hard",Unknown
ATP,Breen S. (Fij),Zhang Z. Y. (Chn),"ITF WOMEN - SINGLES: W15 Monastir 26 (Tunisia), hard",Unknown
ATP,Refaat M. (Egy),Alhussein L. (Egy),"ITF WOMEN - SINGLES: W15 Monastir 26 (Tunisia), hard",Unknown
ATP,Milovanova V. (Wrl),Shadchneva D. (Wrl),"ITF WOMEN - SINGLES: W15 Monastir 26 (Tunisia), hard",Unknown
ATP,Hodzic M. (Ger),Van Emst S. (Ned),"ITF WOMEN - SINGLES: W35 Amstelveen (Netherlands), clay",Unknown
ATP,Nagy A. (Hun),Van den Broek I. L. (Ned),"ITF WOMEN - SINGLES: W35 Amstelveen (Netherlands), clay",Unknown
ATP,Schmidt L. (Ger),De Zeeuw J. (Ned),"ITF WOMEN - SINGLES: W35 Amstelveen (Netherlands), clay",Unknown
ATP,Du Pree B. (Ned),Ebeling Koning L. (Ned),"ITF WOMEN - SINGLES: W35 Amstelveen (Netherlands), clay",Unknown
ATP,Munk Mortensen R. (Den),Hanatani N. (Jpn),"ITF WOMEN - SINGLES: W35 Amstelveen (Netherlands), clay",Unknown
ATP,Nijkamp R. M. (Ned),Popa M. S. (Rou),"ITF WOMEN - SINGLES: W35 Amstelveen (Netherlands), clay",Unknown
ATP,Svendsen J. C. (Den),Bubelyte K. (Ltu),"ITF WOMEN - SINGLES: W35 Amstelveen (Netherlands), clay",Unknown
ATP,Van Zonneveld C. (Ned),Chiesa E. (Ita),"ITF WOMEN - SINGLES: W35 Amstelveen (Netherlands), clay",Unknown
ATP,Zaar L. (Swe),Hennemann C. W. (Swe),"ITF WOMEN - SINGLES: W35 Amstelveen (Netherlands), clay",Unknown
ATP,Groen J. (Ned),Kazionova E. (Wrl),"ITF WOMEN - SINGLES: W35 Amstelveen (Netherlands), clay",Unknown
ATP,Hageman M. (Ned),Chiesa D. (Ita),"ITF WOMEN - SINGLES: W35 Amstelveen (Netherlands), clay",Unknown
ATP,Lemaitre T. (Fra),Meyer Auf Der Heide L. (Ger),"ITF WOMEN - SINGLES: W35 Amstelveen (Netherlands), clay",Unknown
ATP,Meliss V. (Ita),Liu C. (Usa),"ITF WOMEN - SINGLES: W35 Amstelveen (Netherlands), clay",Unknown
ATP,Naito Y. (Jpn),Granwehr A. (Sui),"ITF WOMEN - SINGLES: W35 Amstelveen (Netherlands), clay",Unknown
ATP,Okutoyi A. (Ken),Bartashevich Y. (Fra),"ITF WOMEN - SINGLES: W35 Amstelveen (Netherlands), clay",Unknown
ATP,Vrancken Peeters A. (Ned),Gimbrere J. (Ned),"ITF WOMEN - SINGLES: W35 Amstelveen (Netherlands), clay",Unknown
ATP,Gorgodze E. (Geo),Lim J. (Fra),"ITF WOMEN - SINGLES: W35 Rome (Italy), clay",Clay
ATP,Pace F. (Ita),Lene E. (Fra),"ITF WOMEN - SINGLES: W35 Rome (Italy), clay",Clay
ATP,Ricci B. (Ita),Zavatska K. (Ukr),"ITF WOMEN - SINGLES: W35 Rome (Italy), clay",Clay
ATP,Zantedeschi A. (Ita),De Stefano S. (Ita),"ITF WOMEN - SINGLES: W35 Rome (Italy), clay",Clay
ATP,Ciric Bagaric L. (Cro),Ortenzi J. (Arg),"ITF WOMEN - SINGLES: W35 Rome (Italy), clay",Clay
ATP,Oktiabreva A. (Wrl),Mair L. (Ita),"ITF WOMEN - SINGLES: W35 Rome (Italy), clay",Clay
ATP,Topalova G. (Bul),Spiteri D. (Ita),"ITF WOMEN - SINGLES: W35 Rome (Italy), clay",Clay
ATP,Lukas T. (Cro),Cortez Llorca L. (Esp),"ITF WOMEN - SINGLES: W35 Stuttgart-Vaihingen (Germany), clay",Grass
ATP,Wobker I. (Ger),Sakellaridi S. (Gre),"ITF WOMEN - SINGLES: W35 Stuttgart-Vaihingen (Germany), clay",Grass
ATP,Brockmann T. J. (Ger),Noha Akugue N. (Ger),"ITF WOMEN - SINGLES: W35 Stuttgart-Vaihingen (Germany), clay",Grass
ATP,Matoula M. (Gre),Seibold E. (Ger),"ITF WOMEN - SINGLES: W35 Stuttgart-Vaihingen (Germany), clay",Grass
ATP,Craciun G. A. (Rou),Monnet C. (Fra),"ITF WOMEN - SINGLES: W75 Bucharest (Romania), clay",Unknown
ATP,Radivojevic L. (Srb),Oliynykova O. (Ukr),"ITF WOMEN - SINGLES: W75 Bucharest (Romania), clay",Unknown
ATP,Blokhina A. (Usa),Bulgaru M. (Rou),"ITF WOMEN - SINGLES: W75 Bucharest (Romania), clay",Unknown
ATP,Rame A. (Fra),Hibino N. (Jpn),"ITF WOMEN - SINGLES: W75 Bucharest (Romania), clay",Unknown
ATP,Saito S. (Jpn),Ionescu E. M. (Rou),"ITF WOMEN - SINGLES: W75 Bucharest (Romania), clay",Unknown
ATP,Zidansek T. (Slo),Zheng W. (Chn),"ITF WOMEN - SINGLES: W75 Bucharest (Romania), clay",Unknown
ATP,Amariei I. D. (Rou),Maristany G. (Esp),"ITF WOMEN - SINGLES: W75 Bucharest (Romania), clay",Unknown
ATP,Koevermans A. (Ned),Feng S. (Chn),"ITF WOMEN - SINGLES: W75 Bucharest (Romania), clay",Unknown
ATP,Timofeeva M. (Wrl),Karatancheva L. (Bul),"ITF WOMEN - SINGLES: W75 Bucharest (Romania), clay",Unknown
ATP,Horoz A./Jans J.,Hara Friend J. D./Overbeck C. E.,"ITF MEN - DOUBLES: M15 Amstelveen (Netherlands), clay",Unknown
ATP,Ifi N./Stanke C.,Gomez Osorio A./Hornung M.,"ITF MEN - DOUBLES: M15 Amstelveen (Netherlands), clay",Unknown
ATP,Balciunas M./De Lange P.,Bastiaansen P./Bredschneijder M.,"ITF MEN - DOUBLES: M15 Amstelveen (Netherlands), clay",Unknown
ATP,Hallquist Lithen J./Johansson O.,De Regt T./Visser M.,"ITF MEN - DOUBLES: M15 Amstelveen (Netherlands), clay",Unknown
ATP,Tsitsipas Pe./Verbeek D.,Veldkamp Y./Wagenaar L.,"ITF MEN - DOUBLES: M15 Amstelveen (Netherlands), clay",Unknown
ATP,Bozemoj B./Pel S.,Klaassen S./Paardekooper S.,"ITF MEN - DOUBLES: M15 Amstelveen (Netherlands), clay",Unknown
ATP,Gaztambide Arrastia I./Martinez Sanz A.,Divar C./Riva P.,"ITF MEN - DOUBLES: M15 Getxo (Spain), clay",Unknown
ATP,Garcia Paez L./Pedrico Kravtsov A.,Del Nido P./Serra Sanchez N.,"ITF MEN - DOUBLES: M15 Getxo (Spain), clay",Unknown
ATP,Lazaro Juncadella M./Urribarrens Ramirez I.,Burdet A./Pampanin P.,"ITF MEN - DOUBLES: M15 Getxo (Spain), clay",Unknown
ATP,Bonnaud A./Delage P.,Bayo J./Bayo P.,"ITF MEN - DOUBLES: M15 Getxo (Spain), clay",Unknown
ATP,Borisiouk M./Denisov I.,Anavatan M./Sengul B.,"ITF MEN - DOUBLES: M15 Kayseri 6 (Turkey), hard",Unknown
ATP,Atabay A./Gurmeric M. E.,Bittoun C./Perez B.,"ITF MEN - DOUBLES: M15 Kayseri 6 (Turkey), hard",Unknown
ATP,Ignatov I./Kalovelonis M.,Idrees B./Rutter M.,"ITF MEN - DOUBLES: M15 Kayseri 6 (Turkey), hard",Unknown
ATP,Callerio F./Manucci C.,Pankin S./Schell N.,"ITF MEN - DOUBLES: M15 Kayseri 6 (Turkey), hard",Unknown
ATP,Poritskyi A./Ursu V.,Ozkoc B./Turgut M. O.,"ITF MEN - DOUBLES: M15 Kayseri 6 (Turkey), hard",Unknown
ATP,Bruna N./Torres Fernandez B. I.,Stanisavljevic M./Stefanovic M.,"ITF MEN - DOUBLES: M15 Kursumlijska Banja 9 (Serbia), clay",Unknown
ATP,Gagliardo L./Hess S.,Nikolic M./Radojicic A.,"ITF MEN - DOUBLES: M15 Kursumlijska Banja 9 (Serbia), clay",Unknown
ATP,Haliak M./Lobanov A.,Homberg M./Xilas I.,"ITF MEN - DOUBLES: M15 Kursumlijska Banja 9 (Serbia), clay",Unknown
ATP,Georgiev G./Markov V.,Becerra Otarola I. A./Nunez D. A.,"ITF MEN - DOUBLES: M15 Kursumlijska Banja 9 (Serbia), clay",Unknown
ATP,Salazar A./Torrealba B.,Novakovic N./Pisaric A.,"ITF MEN - DOUBLES: M15 Kursumlijska Banja 9 (Serbia), clay",Unknown
ATP,Lee J. M./Sim S.,Wang A./Wang Y.,"ITF MEN - DOUBLES: M15 Maanshan 4 (China), hard",Unknown
ATP,Hazawa S./Taguchi R.,Matsuda K./Sueoka Y.,"ITF MEN - DOUBLES: M15 Maanshan 4 (China), hard",Unknown
ATP,Sumizawa D./Trongcharoenchaikul W.,Jin Y./Li Z.,"ITF MEN - DOUBLES: M15 Maanshan 4 (China), hard",Unknown
ATP,Liu S./Zheng Z.,Yang M./Zheng B.,"ITF MEN - DOUBLES: M15 Maanshan 4 (China), hard",Unknown
ATP,Hernandez C./Manzanera Pertusa A.,Becroft I./Rai A.,"ITF MEN - DOUBLES: M15 Monastir 26 (Tunisia), hard",Unknown
ATP,Smiej Y./Snoussi I.,Perin R./Potenza L.,"ITF MEN - DOUBLES: M15 Monastir 26 (Tunisia), hard",Unknown
ATP,Relic M./Teramo D. C.,Maguire C./Nagoudi A.,"ITF MEN - DOUBLES: M15 Monastir 26 (Tunisia), hard",Unknown
ATP,Makhlouf N./Vaccari L.,De Gabriele A./Lestir L.,"ITF MEN - DOUBLES: M15 Monastir 26 (Tunisia), hard",Unknown
ATP,Dimic M./Kriznik M.,Dominko S./Obrul L.,"ITF MEN - DOUBLES: M15 Store (Slovenia), clay",Unknown
ATP,Balshaw F./Piatti R.,Bacaloni A./Pieri S.,"ITF MEN - DOUBLES: M15 Store (Slovenia), clay",Unknown
ATP,Rocha F./Sakellaridis D.,Hurrion M./Staeheli L.,"ITF MEN - DOUBLES: M15 Store (Slovenia), clay",Unknown
ATP,Prechtel S./Taddia L.,Kupcic J./Premzl M.,"ITF MEN - DOUBLES: M15 Store (Slovenia), clay",Unknown
ATP,Castagnola L./Fondriest M.,Cadenasso G./De Bernardis A.,"ITF MEN - DOUBLES: M15 Store (Slovenia), clay",Unknown
ATP,Knaff A./Marcondes I.,Jilly A./Kisantal B.,"ITF MEN - DOUBLES: M15 Store (Slovenia), clay",Unknown
ATP,Vulpitta G./Wright A.,de Marchi A./Ferrari G.,"ITF MEN - DOUBLES: M15 Store (Slovenia), clay",Unknown
ATP,Jaisinghani R./Kopilevich D.,Guennouni A./ZOUAOUI N.,"ITF MEN - DOUBLES: M15 Tanger (Morocco), clay",Unknown
ATP,Catini N./Matta A.,Gonzalez Fernandez M./Malirz K.,"ITF MEN - DOUBLES: M15 Tanger (Morocco), clay",Unknown
ATP,Ferrari F./Valle F.,Boudih O./Nagele M.,"ITF MEN - DOUBLES: M15 Tanger (Morocco), clay",Unknown
ATP,Lalami Laaroussi Y./Wenger D.,Jamji A./Lahjomri Y.,"ITF MEN - DOUBLES: M15 Tanger (Morocco), clay",Unknown
ATP,Cattaneo L./Comino L.,Garcia Mestre J./Naharro D.,"ITF MEN - DOUBLES: M15 Tanger (Morocco), clay",Unknown
ATP,Ciavarella N./Giunta M.,Otegui J. B./Ratti L.,"ITF MEN - DOUBLES: M15 Tanger (Morocco), clay",Unknown
ATP,Chambonniere M./Martin B.,Lorusso L./Perfetti N.,"ITF MEN - DOUBLES: M15 Tanger (Morocco), clay",Unknown
ATP,El Amine H./Rodrigues N.,Goldberg Alviani N. R./Schenekenberg G.,"ITF MEN - DOUBLES: M15 Tanger (Morocco), clay",Unknown
ATP,Inui Y./Masabayashi T.,Ichikawa T./Noguchi M.,"ITF MEN - DOUBLES: M15 Tokyo (Japan), hard",Hard
ATP,Shiraishi H./Takahata R.,Fukuda S./Koyama H.,"ITF MEN - DOUBLES: M15 Tokyo (Japan), hard",Hard
ATP,Oki Y./Tomida Y.,Kusuhara Y./Nakagawa S.,"ITF MEN - DOUBLES: M15 Tokyo (Japan), hard",Hard
ATP,Katayama S./Kono Y.,Kawachi K./Kikuchi Y.,"ITF MEN - DOUBLES: M15 Tokyo (Japan), hard",Hard
ATP,McKennon M./Murgett F.,Batista D./Valdoleiros G.,"ITF MEN - DOUBLES: M25 Figueira da Foz (Portugal), hard",Unknown
ATP,Domingues J./Graca J.,Izquierdo Luque R./Marrero Curbelo I.,"ITF MEN - DOUBLES: M25 Figueira da Foz (Portugal), hard",Unknown
ATP,Alonso J./Lara Salmeron D.,Correia D./Preto V.,"ITF MEN - DOUBLES: M25 Figueira da Foz (Portugal), hard",Unknown
ATP,Matsuoka H./Robertson C.,Boschmans T./Couto V.,"ITF MEN - DOUBLES: M25 Figueira da Foz (Portugal), hard",Unknown
ATP,Araujo P./Luis T.,Augunas J./Portugal J.,"ITF MEN - DOUBLES: M25 Figueira da Foz (Portugal), hard",Unknown
ATP,Moacho P./Moura B.,Leote Prata V./Morais D.,"ITF MEN - DOUBLES: M25 Figueira da Foz (Portugal), hard",Unknown
ATP,Pinho T./Silva T.,Martinez A./Oliveira B.,"ITF MEN - DOUBLES: M25 Figueira da Foz (Portugal), hard",Unknown
ATP,Ghazouani Durand Y./Massard L.,Hou Y./Jorquera E.,"ITF MEN - DOUBLES: M25+H Ajaccio (France), hard",Unknown
ATP,Alujas R./Tunas G.,Chepik A./Fellin P. O.,"ITF MEN - DOUBLES: M25+H Ajaccio (France), hard",Unknown
ATP,Branger L./Maric M.,Bertrand R./Chidekh C.,"ITF MEN - DOUBLES: M25+H Ajaccio (France), hard",Unknown
ATP,Bivol M./Pilet C.,Hussey G./Story J.,"ITF MEN - DOUBLES: M25+H Ajaccio (France), hard",Unknown
ATP,Aleshchev A./Vishal Balsekar A.,Henning G./Henning P.,"ITF MEN - DOUBLES: M25 Hillcrest (South Africa), hard",Unknown
ATP,Eqbal I./Longwe-Smit T.,Chekhov A./Zaytsev I.,"ITF MEN - DOUBLES: M25 Hillcrest (South Africa), hard",Unknown
ATP,Bothma J./Matthysen L.,Covato M./Vujic S.,"ITF MEN - DOUBLES: M25 Hillcrest (South Africa), hard",Unknown
ATP,Beaven J./Peliwo F.,Ganesan A./Ouakaa A.,"ITF MEN - DOUBLES: M25 Hillcrest (South Africa), hard",Unknown
ATP,Bergeron A./Gaudreau B. J.,Chan D./Woestendick C.,"ITF MEN - DOUBLES: M25 Laval (Canada), hard",Unknown
ATP,Jones B./McHugh A.,Brown A./Clark E.,"ITF MEN - DOUBLES: M25 Laval (Canada), hard",Unknown
ATP,Muamba N./Roux E.,Johns G./Miyoshi K.,"ITF MEN - DOUBLES: M25 Laval (Canada), hard",Unknown
ATP,Finkelstein A./Krall L.,Kuhar M./Martin D.,"ITF MEN - DOUBLES: M25 Laval (Canada), hard",Unknown
ATP,Kumar P./Milavsky D.,Poling K./Thomson M.,"ITF MEN - DOUBLES: M25 Laval (Canada), hard",Unknown
ATP,Farag-Cao A./Rice K.,George B. T./Tudorica A. N.,"ITF MEN - DOUBLES: M25 Laval (Canada), hard",Unknown
ATP,Ogura K./Saitoh K.,Ayeni A./Cook E.,"ITF MEN - DOUBLES: M25 Laval (Canada), hard",Unknown
ATP,Gomez G./Sudzum M. M.,Nesterov P./Vanshelboim E.,"ITF MEN - DOUBLES: M25 Marburg (Germany), clay",Unknown
ATP,Westphal M./Winegar T.,Marrero D./Nedelko I.,"ITF MEN - DOUBLES: M25 Marburg (Germany), clay",Unknown
ATP,Ambarzumjan E./Dedura-Palomero M.,Djonov C./Sisic F.,"ITF MEN - DOUBLES: M25 Marburg (Germany), clay",Unknown
ATP,Masur D./Sanchez Martinez B.,Opitz J./Zeuch T.,"ITF MEN - DOUBLES: M25 Marburg (Germany), clay",Unknown
ATP,Janse van Rensburg L. H./Kotze M.,Tian N./Xiao L.,"ITF WOMEN - DOUBLES: W15 Hillcrest (South Africa), hard",Unknown
ATP,Bista A./Paathak P.,Odorizzi C./Ozeki M.,"ITF WOMEN - DOUBLES: W15 Hillcrest (South Africa), hard",Unknown
ATP,Cirotte A./Leykina P.,Martianova S./Mikhaylova M.,"ITF WOMEN - DOUBLES: W15 Hillcrest (South Africa), hard",Unknown
ATP,Lopez P./Vaissaud D.,Van Zyl J./Wagner Y.,"ITF WOMEN - DOUBLES: W15 Hillcrest (South Africa), hard",Unknown
ATP,Panaino T. T./Vosloo A.,Jamshidi E./Stagno B.,"ITF WOMEN - DOUBLES: W15 Hillcrest (South Africa), hard",Unknown
ATP,Jeong B./Tian F.,Chikaraishi Y./Kitahara Y.,"ITF WOMEN - DOUBLES: W15 Hong Kong 2 (Hong Kong), hard",Unknown
ATP,Cheuk S. Y./Zhang Y.,Chanta A./Thamchaiwat B.,"ITF WOMEN - DOUBLES: W15 Hong Kong 2 (Hong Kong), hard",Unknown
ATP,Burdina E./Grechkina A.,Kikawada R./Sato H.,"ITF WOMEN - DOUBLES: W15 Hong Kong 2 (Hong Kong), hard",Unknown
ATP,Hagi E./Hagi N.,Osafune K./Ozeki A.,"ITF WOMEN - DOUBLES: W15 Hong Kong 2 (Hong Kong), hard",Unknown
ATP,Cheung K. Y./Wong J.,Easwaramurthi A./Yuhan L.,"ITF WOMEN - DOUBLES: W15 Hong Kong 2 (Hong Kong), hard",Unknown
ATP,Danilova O./Mincheva V.,Aikawa M./Yoshioka K.,"ITF WOMEN - DOUBLES: W15 Hong Kong 2 (Hong Kong), hard",Unknown
ATP,Lai C. L./Ng M.,Xu A./Xu N.,"ITF WOMEN - DOUBLES: W15 Hong Kong 2 (Hong Kong), hard",Unknown
ATP,He Jiaying/Wang D. N.,Kalamaris G./Kalluri L.,"ITF WOMEN - DOUBLES: W15 Hong Kong 2 (Hong Kong), hard",Unknown
ATP,Esteves I./Mandavkar H.,Nikitsenka M./Shusteva S.,"ITF WOMEN - DOUBLES: W15 Kayseri 6 (Turkey), hard",Unknown
ATP,Lachinova A./Subasic A.,Hossam Salah J./Yakovleva D.,"ITF WOMEN - DOUBLES: W15 Kayseri 6 (Turkey), hard",Unknown
ATP,Ozen Y./Ulueren S.,Kuparev A./Samardzic A. E.,"ITF WOMEN - DOUBLES: W15 Kayseri 6 (Turkey), hard",Unknown
ATP,Maslenkova M./Zabolotnaia E.,Lazar S./Prodan G.,"ITF WOMEN - DOUBLES: W15 Kayseri 6 (Turkey), hard",Unknown
ATP,Curovic T./Ruihan D.,Beveraggi Lespiau P./Ceschi G.,"ITF WOMEN - DOUBLES: W15 Kursumlijska Banja 9 (Serbia), clay",Unknown
ATP,Gull G./Rahnel L.,Goldsmith Weinreich P./Rain Contreras F.,"ITF WOMEN - DOUBLES: W15 Kursumlijska Banja 9 (Serbia), clay",Unknown
ATP,Dessolis B./Dessolis M.,Jerolimov C./Kozak V.,"ITF WOMEN - DOUBLES: W15 Kursumlijska Banja 9 (Serbia), clay",Unknown
ATP,Vukovic D./Zhabrailova M.,Diatlova D./Diatlova K.,"ITF WOMEN - DOUBLES: W15 Kursumlijska Banja 9 (Serbia), clay",Unknown
ATP,Chen M./Hu F.,Sun Y./Zhang J.,"ITF WOMEN - DOUBLES: W15 Maanshan 8 (China), hard",Unknown
ATP,Fanshi S./Ye Q.,Li Z./Yao X.,"ITF WOMEN - DOUBLES: W15 Maanshan 8 (China), hard",Unknown
ATP,Bak-Szabo N./Benke G. I.,Franke J./Penalver Aguilo M.,"ITF WOMEN - DOUBLES: W15 Mogyorod (Hungary), clay",Unknown
ATP,Finak E. D./Nogradi N.,Lackova V./Mravcova E.,"ITF WOMEN - DOUBLES: W15 Mogyorod (Hungary), clay",Unknown
ATP,Hertel A./Tsygourova K.,Avataneo S./Harajda E.,"ITF WOMEN - DOUBLES: W15 Mogyorod (Hungary), clay",Unknown
ATP,Krockova N./Vlckova K.,Chilakalapudi S. S./Hoedt M.,"ITF WOMEN - DOUBLES: W15 Mogyorod (Hungary), clay",Unknown
ATP,Artemeva V./Krajmer K.,Parentini G./Rescia E.,"ITF WOMEN - DOUBLES: W15 Mogyorod (Hungary), clay",Unknown
ATP,Kardos L./Molnar K.,Cilekova L./Sramkova T.,"ITF WOMEN - DOUBLES: W15 Mogyorod (Hungary), clay",Unknown
ATP,Daubnerova N./Sevcikova L.,Balus I./Jaskova A.,"ITF WOMEN - DOUBLES: W15 Mogyorod (Hungary), clay",Unknown
ATP,Savolt K./Teker L.,Drugdova S./Grammatikopoulou V.,"ITF WOMEN - DOUBLES: W15 Mogyorod (Hungary), clay",Unknown
ATP,Ngounoue M./Senties X.,Koussenkova V./Liu Y.,"ITF WOMEN - DOUBLES: W15 Monastir 26 (Tunisia), hard",Unknown
ATP,Adams J./Samir S.,Lam S./Lo Pumo M.,"ITF WOMEN - DOUBLES: W15 Monastir 26 (Tunisia), hard",Unknown
ATP,Garcia-Patron Canals A./Teixido Garcia M.,Koller A./Wildgruber A.,"ITF WOMEN - DOUBLES: W15 Monastir 26 (Tunisia), hard",Unknown
ATP,Paukstyte P./Tse E.,Janssen C./Teso N. S.,"ITF WOMEN - DOUBLES: W15 Monastir 26 (Tunisia), hard",Unknown
ATP,Van Zonneveld C./Veldman K.,De Zeeuw J./Van Emst S.,"ITF WOMEN - DOUBLES: W35 Amstelveen (Netherlands), clay",Unknown
ATP,Ivanov V./Svendsen J. C.,Hennemann C. W./Munk Mortensen R.,"ITF WOMEN - DOUBLES: W35 Amstelveen (Netherlands), clay",Unknown
ATP,Geerlings Martinez A./Tran D.,Nijkamp R. M./Van den Broek I. L.,"ITF WOMEN - DOUBLES: W35 Amstelveen (Netherlands), clay",Unknown
ATP,Glushkova D./Sandberg V.,Colling S./Sieg M.,"ITF WOMEN - DOUBLES: W35 Stuttgart-Vaihingen (Germany), clay",Grass
ATP,Cohen S./Roesch C.,Kuczer D./Sauvant C.,"ITF WOMEN - DOUBLES: W35 Stuttgart-Vaihingen (Germany), clay",Grass
ATP,Vogt M./Voracek E. M.,Bojica S./Vasilescu A.,"ITF WOMEN - DOUBLES: W35 Stuttgart-Vaihingen (Germany), clay",Grass
ATP,Brooks M./Kozyreva M.,Ayukawa M./Szabo B.,"ITF WOMEN - DOUBLES: W75 Bucharest (Romania), clay",Unknown
ATP,Anghel A. I./Todoni C. N.,Vargova N./Zaytseva K.,"ITF WOMEN - DOUBLES: W75 Bucharest (Romania), clay",Unknown
ATP,Cascino E./Tig P. M.,Pieri T./Prisacariu A.,"ITF WOMEN - DOUBLES: W75 Bucharest (Romania), clay",Unknown
